folder,mean_rl,std_rl,count
LPP,2.7,0.48304589153964794,10
MF,4.8,2.820559440174157,10
NPE,2.5,0.7071067811865476,10
PCA,19.3,12.961910010145537,10
