folder,mean_rl,std_rl,count
LPP,18.03,22.219499580687266,100
MF,1.97,0.7028800779936817,100
NPE,20.32,18.33519549771406,100
PCA,17.61,16.597368052273417,100
